image_names,emergency_or_not
176.jpg,1
806.jpg,1
619.jpg,1
1245.jpg,0
1482.jpg,1
2214.jpg,0
2222.jpg,0
1803.jpg,1
1010.jpg,0
2020.jpg,0
1510.jpg,0
1.jpg,1
1042.jpg,0
2183.jpg,0
1860.jpg,0
2101.jpg,0
1527.jpg,0
1201.jpg,0
434.jpg,1
578.jpg,1
1193.jpg,0
370.jpg,1
1926.jpg,0
1306.jpg,0
1777.jpg,0
1600.jpg,0
1786.jpg,0
1226.jpg,0
1328.jpg,0
262.jpg,1
441.jpg,1
1018.jpg,0
181.jpg,0
7.jpg,0
1493.jpg,0
778.jpg,1
1167.jpg,0
6.jpg,1
337.jpg,1
2132.jpg,0
1656.jpg,0
768.jpg,1
820.jpg,1
1045.jpg,0
2004.jpg,0
164.jpg,1
468.jpg,1
54.jpg,0
197.jpg,1
893.jpg,0
1239.jpg,0
166.jpg,1
2074.jpg,0
1996.jpg,0
1638.jpg,0
1091.jpg,0
1757.jpg,0
1689.jpg,1
1531.jpg,1
318.jpg,1
1136.jpg,0
1322.jpg,1
1618.jpg,0
1254.jpg,1
540.jpg,0
1387.jpg,0
1516.jpg,0
373.jpg,1
1762.jpg,1
1348.jpg,0
1256.jpg,1
335.jpg,1
1879.jpg,0
183.jpg,1
852.jpg,1
1635.jpg,0
234.jpg,1
813.jpg,1
2322.jpg,0
795.jpg,0
563.jpg,1
1988.jpg,0
1477.jpg,0
1572.jpg,0
1575.jpg,0
37.jpg,1
738.jpg,1
1678.jpg,1
673.jpg,0
334.jpg,1
1291.jpg,0
2332.jpg,0
3.jpg,1
1162.jpg,0
156.jpg,0
2209.jpg,0
1957.jpg,1
1590.jpg,1
997.jpg,0
2080.jpg,1
167.jpg,1
1731.jpg,1
624.jpg,1
1144.jpg,0
236.jpg,1
1412.jpg,0
1592.jpg,0
245.jpg,1
66.jpg,1
1473.jpg,0
399.jpg,1
1062.jpg,0
2303.jpg,0
153.jpg,1
1302.jpg,1
2315.jpg,0
641.jpg,1
2163.jpg,0
776.jpg,1
762.jpg,0
346.jpg,0
465.jpg,1
531.jpg,1
1571.jpg,0
2075.jpg,0
1152.jpg,1
1434.jpg,0
560.jpg,1
339.jpg,0
1839.jpg,0
268.jpg,1
1705.jpg,0
1566.jpg,0
1948.jpg,1
238.jpg,0
1248.jpg,1
241.jpg,1
1066.jpg,0
2054.jpg,0
2137.jpg,1
154.jpg,1
1509.jpg,0
1735.jpg,0
1634.jpg,0
1855.jpg,0
2284.jpg,1
1164.jpg,0
658.jpg,1
2100.jpg,0
2022.jpg,0
90.jpg,1
1722.jpg,1
217.jpg,1
141.jpg,1
2068.jpg,0
972.jpg,1
1699.jpg,0
1165.jpg,0
835.jpg,1
2006.jpg,0
1589.jpg,0
545.jpg,1
796.jpg,1
449.jpg,1
799.jpg,1
371.jpg,1
149.jpg,1
2024.jpg,0
1859.jpg,0
130.jpg,1
616.jpg,0
2069.jpg,1
1867.jpg,1
428.jpg,1
1716.jpg,0
2084.jpg,0
1769.jpg,0
1614.jpg,0
1820.jpg,0
991.jpg,0
2235.jpg,0
843.jpg,1
194.jpg,1
395.jpg,1
1312.jpg,1
1975.jpg,0
1857.jpg,0
946.jpg,1
1542.jpg,0
1093.jpg,1
1240.jpg,0
1881.jpg,0
2231.jpg,0
1140.jpg,0
384.jpg,1
1481.jpg,0
1383.jpg,0
1802.jpg,0
1683.jpg,0
614.jpg,1
127.jpg,0
920.jpg,1
515.jpg,1
2351.jpg,0
114.jpg,1
1369.jpg,0
884.jpg,1
537.jpg,1
772.jpg,1
1841.jpg,0
46.jpg,1
1353.jpg,0
1394.jpg,0
2019.jpg,0
917.jpg,1
1565.jpg,0
451.jpg,1
935.jpg,1
1267.jpg,1
1916.jpg,0
271.jpg,1
38.jpg,0
77.jpg,1
2017.jpg,0
2251.jpg,1
1156.jpg,0
460.jpg,0
1492.jpg,0
1206.jpg,0
265.jpg,1
227.jpg,1
2151.jpg,0
601.jpg,1
676.jpg,1
1363.jpg,0
187.jpg,1
2202.jpg,0
740.jpg,0
597.jpg,1
1982.jpg,0
706.jpg,1
1413.jpg,0
2110.jpg,0
1319.jpg,0
1159.jpg,1
546.jpg,0
1429.jpg,0
913.jpg,1
1442.jpg,0
11.jpg,1
129.jpg,1
1619.jpg,0
1570.jpg,0
1191.jpg,0
1258.jpg,1
2025.jpg,0
1023.jpg,0
593.jpg,1
1622.jpg,1
2204.jpg,1
645.jpg,1
1813.jpg,0
2133.jpg,0
2150.jpg,0
863.jpg,1
1342.jpg,0
1612.jpg,0
431.jpg,1
1994.jpg,0
1113.jpg,0
995.jpg,1
2016.jpg,0
713.jpg,0
1616.jpg,0
1882.jpg,0
791.jpg,1
1181.jpg,0
600.jpg,1
191.jpg,0
1168.jpg,0
858.jpg,1
1797.jpg,0
17.jpg,1
751.jpg,1
1739.jpg,1
1796.jpg,0
2246.jpg,0
9.jpg,1
1276.jpg,0
452.jpg,1
646.jpg,1
1913.jpg,0
1889.jpg,0
1775.jpg,0
2269.jpg,0
2060.jpg,0
1870.jpg,0
631.jpg,1
1931.jpg,0
152.jpg,1
1079.jpg,0
1877.jpg,0
58.jpg,1
1579.jpg,0
1686.jpg,0
967.jpg,1
216.jpg,1
1432.jpg,0
542.jpg,0
701.jpg,0
730.jpg,1
186.jpg,1
314.jpg,1
150.jpg,1
1756.jpg,0
698.jpg,1
2050.jpg,0
1708.jpg,1
666.jpg,1
743.jpg,1
1305.jpg,0
338.jpg,1
1088.jpg,1
369.jpg,1
1906.jpg,1
250.jpg,1
144.jpg,1
2304.jpg,1
763.jpg,1
1997.jpg,0
1832.jpg,0
699.jpg,1
1961.jpg,0
52.jpg,1
692.jpg,0
274.jpg,1
365.jpg,1
1428.jpg,0
1148.jpg,0
446.jpg,0
74.jpg,1
1298.jpg,0
1376.jpg,1
364.jpg,1
1561.jpg,0
826.jpg,1
2326.jpg,0
4.jpg,1
559.jpg,1
437.jpg,1
1624.jpg,0
1174.jpg,1
1214.jpg,0
1020.jpg,0
1190.jpg,0
1649.jpg,0
2081.jpg,0
2161.jpg,0
439.jpg,1
1422.jpg,0
2316.jpg,0
443.jpg,1
1464.jpg,0
138.jpg,1
1119.jpg,1
1210.jpg,0
1696.jpg,0
1858.jpg,1
1595.jpg,0
180.jpg,0
1002.jpg,0
1932.jpg,0
2289.jpg,1
1915.jpg,0
41.jpg,1
814.jpg,1
12.jpg,1
500.jpg,1
2177.jpg,0
36.jpg,1
580.jpg,1
1036.jpg,1
801.jpg,1
2042.jpg,1
379.jpg,0
1691.jpg,0
21.jpg,1
389.jpg,1
340.jpg,1
116.jpg,1
1746.jpg,0
1804.jpg,1
1840.jpg,0
833.jpg,1
1048.jpg,0
419.jpg,1
992.jpg,0
2062.jpg,0
1296.jpg,0
1277.jpg,0
1823.jpg,0
328.jpg,1
242.jpg,0
412.jpg,1
956.jpg,1
2308.jpg,0
1567.jpg,1
1901.jpg,1
1427.jpg,1
770.jpg,1
1981.jpg,0
1680.jpg,0
885.jpg,1
2281.jpg,0
902.jpg,1
950.jpg,1
1111.jpg,0
57.jpg,1
899.jpg,1
1231.jpg,0
1202.jpg,0
848.jpg,1
1560.jpg,0
327.jpg,1
1378.jpg,0
143.jpg,1
1884.jpg,0
1480.jpg,0
1006.jpg,0
764.jpg,1
871.jpg,0
165.jpg,1
957.jpg,1
2188.jpg,0
2102.jpg,0
2290.jpg,1
2076.jpg,0
122.jpg,1
2283.jpg,0
1408.jpg,0
16.jpg,0
2250.jpg,0
123.jpg,0
1752.jpg,0
962.jpg,1
783.jpg,0
2324.jpg,0
682.jpg,0
687.jpg,1
1666.jpg,0
802.jpg,1
200.jpg,1
336.jpg,1
805.jpg,1
2093.jpg,0
718.jpg,0
378.jpg,1
1451.jpg,1
1809.jpg,0
1800.jpg,1
2212.jpg,1
171.jpg,1
1937.jpg,0
1329.jpg,0
1943.jpg,0
2119.jpg,0
570.jpg,1
1374.jpg,0
726.jpg,0
1142.jpg,0
769.jpg,0
1060.jpg,0
388.jpg,1
1514.jpg,0
385.jpg,1
462.jpg,1
804.jpg,1
1419.jpg,0
2056.jpg,0
1495.jpg,0
1200.jpg,1
28.jpg,1
1314.jpg,0
1219.jpg,0
524.jpg,1
1325.jpg,1
1833.jpg,0
984.jpg,1
1462.jpg,0
301.jpg,1
1628.jpg,0
633.jpg,1
958.jpg,1
